Date,Price,Price_diff
2020-07-01,2092.05,9.900000000000091
2020-07-02,2157.15,65.09999999999991
2020-07-03,2199.65,42.5
2020-07-07,2269.9,6.700000000000273
2020-07-08,2218.9,-51.0
2020-07-09,2204.35,-14.550000000000182
2020-07-10,2222.35,18.0
2020-07-14,2171.95,-48.05000000000018
2020-07-15,2233.9,61.95000000000027
2020-07-16,2234.75,0.849999999999909
2020-07-17,2200.75,-34.0
2020-07-21,2225.05,17.15000000000009
2020-07-22,2190.95,-34.100000000000364
2020-07-23,2171.2,-19.75
2020-07-24,2157.4,-13.799999999999727
2020-07-28,2309.75,102.94999999999982
2020-07-29,2276.05,-33.69999999999982
2020-07-30,2279.5,3.449999999999818
2020-07-31,2281.4,1.900000000000091
2020-08-04,2249.7,-4.450000000000273
2020-08-05,2259.5,9.800000000000182
2020-08-06,2308.1,48.59999999999991
2020-08-07,2295.35,-12.75
2020-08-11,2279.9,-2.900000000000091
2020-08-12,2257.35,-22.550000000000182
2020-08-13,2254.45,-2.900000000000091
2020-08-14,2242.15,-12.299999999999727
2020-08-18,2269.75,16.34999999999991
2020-08-19,2256.6,-13.150000000000091
2020-08-20,2252.85,-3.75
2020-08-21,2248.6,-4.25
2020-08-25,2242.65,-5.449999999999818
2020-08-26,2253.5,10.849999999999909
2020-08-27,2248.4,-5.099999999999909
2020-08-28,2238.55,-9.849999999999909
2020-09-01,2246.35,-10.900000000000091
2020-09-02,2265.15,18.800000000000182
2020-09-03,2299.5,34.34999999999991
2020-09-04,2288.8,-10.699999999999818
2020-09-08,2348.2,21.149999999999636
2020-09-09,2327.65,-20.549999999999727
2020-09-10,2331.15,3.5
2020-09-11,2374.1,42.94999999999982
2020-09-15,2491.4,0.0
2020-09-16,2503.0,11.599999999999909
2020-09-17,2460.95,-42.05000000000018
2020-09-18,2449.9,-11.049999999999727
2020-09-22,2522.95,57.649999999999636
2020-09-23,2467.45,-55.5
2020-09-24,2332.25,-135.19999999999982
2020-09-25,2422.3,90.05000000000018
2020-09-29,2488.4,62.09999999999991
2020-09-30,2492.3,3.900000000000091
2020-10-01,2523.45,31.149999999999636
2020-10-06,2714.3,8.5
2020-10-07,2735.95,21.649999999999636
2020-10-08,2825.7,89.75
2020-10-09,2812.95,-12.75
2020-10-13,2826.55,-3.449999999999818
2020-10-14,2809.6,-16.950000000000273
2020-10-15,2740.6,-69.0
2020-10-16,2763.3,22.700000000000273
2020-10-20,2739.0,27.449999999999818
2020-10-21,2675.4,-63.59999999999991
2020-10-22,2671.15,-4.25
2020-10-23,2686.8,15.650000000000091
2020-10-27,2630.15,-58.04999999999973
2020-10-28,2622.2,-7.950000000000273
2020-10-29,2632.65,10.450000000000273
2020-10-30,2664.85,32.19999999999982
2020-11-03,2633.6,29.0
2020-11-04,2653.15,19.550000000000182
2020-11-05,2685.7,32.54999999999973
2020-11-06,2707.45,21.75
2020-11-10,2649.6,-77.0
2020-11-11,2687.8,38.20000000000027
2020-11-12,2671.05,-16.75
2020-11-13,2656.85,-14.200000000000273
2020-11-18,2626.65,-39.40000000000009
2020-11-19,2636.9,10.25
2020-11-20,2660.25,23.34999999999991
2020-11-24,2722.05,-2.199999999999818
2020-11-25,2701.3,-20.75
2020-11-26,2720.6,19.299999999999727
2020-11-27,2679.65,-40.94999999999982
2020-12-02,2749.55,22.75
2020-12-03,2709.45,-40.100000000000364
2020-12-04,2727.55,18.100000000000364
2020-12-08,2797.3,59.600000000000364
2020-12-09,2810.8,13.5
2020-12-10,2784.3,-26.5
2020-12-11,2783.6,-0.7000000000002728
2020-12-15,2761.55,-36.149999999999636
2020-12-16,2814.2,52.649999999999636
2020-12-17,2838.2,24.0
2020-12-18,2861.0,22.800000000000182
2020-12-22,2872.5,52.34999999999991
2020-12-23,2908.75,36.25
2020-12-24,2909.35,0.599999999999909
2020-12-29,2930.5,1.099999999999909
2020-12-30,2909.3,-21.199999999999818
2020-12-31,2862.75,-46.55000000000018
2021-01-01,2928.25,65.5
2021-01-05,3093.0,53.55000000000018
2021-01-06,3051.5,-41.5
2021-01-07,3032.8,-18.699999999999818
2021-01-08,3120.9,88.09999999999991
2021-01-12,3174.85,-1.599999999999909
2021-01-13,3158.95,-15.900000000000091
2021-01-14,3250.7,91.75
2021-01-15,3233.35,-17.34999999999991
2021-01-19,3260.7,38.94999999999982
2021-01-20,3308.8,48.100000000000364
2021-01-21,3273.85,-34.95000000000027
2021-01-22,3303.1,29.25
2021-01-28,3196.55,-64.5
2021-01-29,3111.35,-85.20000000000027
2021-02-02,3203.45,64.09999999999991
2021-02-03,3200.05,-3.399999999999636
2021-02-04,3188.45,-11.600000000000364
2021-02-05,3157.95,-30.5
2021-02-09,3176.9,-37.19999999999982
2021-02-10,3213.3,36.40000000000009
2021-02-11,3206.0,-7.300000000000182
2021-02-12,3190.8,-15.199999999999818
2021-02-16,3108.8,-31.049999999999727
2021-02-17,3073.1,-35.70000000000027
2021-02-18,3057.35,-15.75
2021-02-19,3071.85,14.5
2021-02-23,2980.2,21.75
2021-02-24,2948.1,-32.09999999999991
2021-02-25,2995.3,47.20000000000027
2021-02-26,2894.3,-101.0
2021-03-02,3006.35,82.15000000000009
2021-03-03,3059.1,52.75
2021-03-04,3049.7,-9.400000000000091
2021-03-05,3008.05,-41.649999999999636
2021-03-09,3050.95,44.0
2021-03-10,3070.95,20.0
2021-03-16,3110.05,43.90000000000009
2021-03-17,3112.95,2.899999999999636
2021-03-18,3036.5,-76.44999999999982
2021-03-19,3050.2,13.699999999999818
2021-03-23,3142.6,12.949999999999818
2021-03-24,3121.1,-21.5
2021-03-25,3064.85,-56.25
2021-03-26,3066.8,1.9500000000002728
2021-03-31,3177.85,19.299999999999727
2021-04-01,3165.0,-12.849999999999909
2021-04-06,3264.7,25.799999999999727
2021-04-07,3271.4,6.700000000000273
2021-04-08,3317.35,45.94999999999982
2021-04-09,3322.25,4.900000000000091
2021-04-13,3104.05,-142.5
2021-04-16,3195.15,-23.799999999999727
2021-04-20,3144.55,-17.25
2021-04-23,3109.5,-9.300000000000182
2021-04-27,3132.0,31.199999999999818
2021-04-28,3124.1,-7.900000000000091
2021-04-29,3115.25,-8.849999999999909
2021-04-30,3035.65,-79.59999999999991
2021-05-04,3049.75,12.75
2021-05-05,3095.7,45.94999999999982
2021-05-06,3111.45,15.75
2021-05-07,3132.9,21.450000000000273
2021-05-11,3122.6,-22.90000000000009
2021-05-12,3087.6,-35.0
2021-05-18,3088.8,19.050000000000182
2021-05-19,3082.0,-6.800000000000182
2021-05-20,3060.0,-22.0
2021-05-21,3080.5,20.5
2021-05-25,3114.0,32.5
2021-05-26,3158.5,44.5
2021-05-27,3180.0,21.5
2021-05-28,3143.6,-36.40000000000009
2021-06-01,3153.0,-6.150000000000091
2021-06-02,3129.45,-23.550000000000182
2021-06-03,3141.25,11.800000000000182
2021-06-04,3143.75,2.5
2021-06-08,3200.15,16.950000000000273
2021-06-09,3200.25,0.09999999999990905
2021-06-10,3216.8,16.550000000000182
2021-06-11,3273.8,57.0
2021-06-15,3262.75,-13.599999999999909
2021-06-16,3274.35,11.599999999999909
2021-06-17,3317.75,43.40000000000009
2021-06-18,3297.3,-20.449999999999818
2021-06-22,3301.2,28.09999999999991
2021-06-23,3261.4,-39.79999999999973
2021-06-24,3373.6,112.19999999999982
2021-06-25,3380.8,7.200000000000273
2021-06-29,3340.85,4.099999999999909
2021-06-30,3345.75,4.900000000000091
2021-07-01,3341.5,-4.25
2021-07-02,3325.45,-16.050000000000182
2021-07-06,3262.3,-58.69999999999982
2021-07-07,3274.95,12.649999999999636
2021-07-08,3258.5,-16.449999999999818
2021-07-09,3208.15,-50.34999999999991
2021-07-13,3187.55,-5.549999999999727
2021-07-14,3214.55,27.0
2021-07-15,3202.95,-11.600000000000364
2021-07-16,3194.8,-8.149999999999636
2021-07-20,3205.8,21.200000000000273
2021-07-23,3212.85,-3.5
2021-07-27,3182.95,-14.600000000000364
2021-07-28,3197.8,14.850000000000364
2021-07-29,3195.8,-2.0
2021-07-30,3167.45,-28.350000000000364
2021-08-03,3284.9,65.5
2021-08-04,3273.95,-10.950000000000273
2021-08-05,3283.95,10.0
2021-08-06,3309.8,25.850000000000364
2021-08-10,3333.9,11.200000000000273
2021-08-11,3344.2,10.299999999999727
2021-08-12,3351.75,7.550000000000182
2021-08-13,3463.4,111.65000000000009
2021-08-17,3553.05,80.10000000000036
2021-08-18,3560.55,7.5
2021-08-24,3613.2,-24.200000000000273
2021-08-25,3659.0,45.80000000000018
2021-08-26,3671.85,12.849999999999909
2021-08-27,3720.15,48.30000000000018
2021-08-31,3786.45,85.14999999999964
2021-09-01,3714.95,-71.5
2021-09-02,3836.75,121.80000000000018
2021-09-03,3842.05,5.300000000000182
2021-09-07,3815.9,-36.09999999999991
2021-09-08,3774.15,-41.75
2021-09-09,3791.4,17.25
2021-09-14,3885.9,40.55000000000018
2021-09-15,3954.55,68.65000000000009
2021-09-16,3903.3,-51.25
2021-09-17,3827.85,-75.45000000000027
2021-09-21,3862.95,39.44999999999982
2021-09-22,3862.15,-0.7999999999997272
2021-09-23,3869.25,7.099999999999909
2021-09-24,3871.3,2.050000000000182
2021-09-28,3779.15,-57.79999999999973
2021-09-29,3791.9,12.75
2021-09-30,3775.55,-16.34999999999991
2021-10-01,3730.2,-45.350000000000364
2021-10-05,3833.3,60.0
2021-10-06,3810.9,-22.40000000000009
2021-10-07,3892.9,82.0
2021-10-08,3935.65,42.75
2021-10-12,3652.85,-32.75
2021-10-13,3655.2,2.349999999999909
2021-10-14,3611.45,-43.75
2021-10-19,3634.15,-13.0
2021-10-20,3608.85,-25.300000000000182
2021-10-21,3532.5,-76.34999999999991
2021-10-22,3498.85,-33.65000000000009
2021-10-26,3482.6,-10.349999999999909
2021-10-27,3489.75,7.150000000000091
2021-10-28,3421.65,-68.09999999999991
2021-10-29,3397.75,-23.90000000000009
2021-11-02,3484.2,7.799999999999727
2021-11-03,3492.25,8.050000000000182
2021-11-04,3508.65,16.40000000000009
2021-11-09,3505.7,2.949999999999818
2021-11-10,3484.3,-21.399999999999636
2021-11-11,3488.2,3.899999999999636
2021-11-12,3526.05,37.850000000000364
2021-11-16,3556.4,3.099999999999909
2021-11-17,3521.9,-34.5
2021-11-18,3475.7,-46.20000000000027
2021-11-23,3464.25,5.849999999999909
2021-11-24,3443.3,-20.949999999999818
2021-11-25,3445.9,2.599999999999909
2021-11-26,3446.85,0.9499999999998181
2021-11-30,3529.15,27.15000000000009
2021-12-01,3577.8,48.65000000000009
2021-12-02,3642.9,65.09999999999991
2021-12-03,3640.45,-2.450000000000273
2021-12-07,3584.5,48.09999999999991
2021-12-08,3626.9,42.40000000000009
2021-12-09,3601.75,-25.15000000000009
2021-12-10,3636.8,35.05000000000018
2021-12-14,3623.8,14.150000000000091
2021-12-15,3570.35,-53.45000000000027
2021-12-16,3581.6,11.25
2021-12-17,3584.35,2.75
2021-12-21,3608.3,51.40000000000009
2021-12-22,3630.75,22.449999999999818
2021-12-23,3662.7,31.949999999999818
2021-12-24,3670.9,8.200000000000273
2021-12-28,3706.55,10.450000000000273
2021-12-29,3694.7,-11.850000000000364
2021-12-30,3733.75,39.05000000000018
2021-12-31,3738.35,4.599999999999909
2022-01-04,3884.75,67.0
2022-01-05,3860.95,-23.800000000000182
2022-01-06,3807.45,-53.5
2022-01-07,3853.5,46.05000000000018
2022-01-11,3915.9,36.05000000000018
2022-01-12,3859.9,-56.0
2022-01-13,3897.9,38.0
2022-01-14,3968.15,70.25
2022-01-18,3990.6,-28.550000000000182
2022-01-19,3914.65,-75.94999999999982
2022-01-20,3826.55,-88.09999999999991
2022-01-21,3833.5,6.949999999999818
2022-01-25,3769.9,-1.449999999999818
2022-01-28,3690.05,40.80000000000018
2022-02-01,3800.65,64.40000000000009
2022-02-02,3856.2,55.54999999999973
2022-02-03,3824.6,-31.59999999999991
2022-02-04,3814.9,-9.699999999999818
2022-02-08,3743.45,-35.55000000000018
2022-02-09,3760.55,17.100000000000364
2022-02-10,3770.35,9.799999999999727
2022-02-11,3694.95,-75.40000000000009
2022-02-15,3817.8,84.05000000000018
2022-02-16,3813.1,-4.700000000000273
2022-02-17,3784.2,-28.90000000000009
2022-02-18,3793.9,9.700000000000273
2022-02-22,3586.4,-133.0
2022-02-23,3563.8,-22.59999999999991
2022-02-24,3401.65,-162.1500000000001
2022-02-25,3520.75,119.09999999999991
2022-03-03,3544.4,-1.75
2022-03-04,3524.35,-20.050000000000182
2022-03-08,3599.95,115.04999999999973
2022-03-09,3632.6,32.65000000000009
2022-03-10,3620.95,-11.650000000000091
2022-03-11,3599.15,-21.799999999999727
2022-03-15,3593.9,-49.09999999999991
2022-03-16,3655.9,62.0
2022-03-17,3672.75,16.84999999999991
2022-03-22,3700.95,74.25
2022-03-23,3712.4,11.450000000000273
2022-03-24,3749.85,37.44999999999982
2022-03-25,3707.45,-42.40000000000009
2022-03-29,3705.35,-2.349999999999909
2022-03-30,3731.55,26.200000000000273
2022-03-31,3739.95,8.399999999999636
2022-04-01,3758.75,18.800000000000182
2022-04-05,3814.8,44.45000000000027
2022-04-06,3755.35,-59.45000000000027
2022-04-07,3684.15,-71.19999999999982
2022-04-08,3685.65,1.5
2022-04-12,3691.1,-5.300000000000182
2022-04-13,3661.95,-29.15000000000009
2022-04-19,3471.9,-56.15000000000009
2022-04-20,3556.8,84.90000000000009
2022-04-21,3628.65,71.84999999999991
2022-04-22,3612.55,-16.09999999999991
2022-04-26,3546.3,-1.8999999999996362
2022-04-27,3561.2,14.899999999999636
2022-04-28,3584.3,23.100000000000364
2022-04-29,3546.7,-37.600000000000364
2022-05-05,3513.4,33.65000000000009
2022-05-06,3432.6,-80.80000000000018
2022-05-10,3438.75,-6.349999999999909
2022-05-11,3412.0,-26.75
2022-05-12,3408.65,-3.349999999999909
2022-05-13,3414.9,6.25
2022-05-17,3451.6,74.79999999999973
2022-05-18,3448.8,-2.799999999999727
2022-05-19,3261.95,-186.85000000000036
2022-05-20,3293.0,31.050000000000182
2022-05-24,3288.0,-33.75
2022-05-25,3167.65,-120.34999999999991
2022-05-26,3226.95,59.29999999999973
2022-05-27,3261.3,34.350000000000364
2022-05-31,3364.35,-10.900000000000091
2022-06-01,3355.2,-9.150000000000091
2022-06-02,3423.0,67.80000000000018
2022-06-03,3440.15,17.15000000000009
2022-06-07,3362.7,-68.25
2022-06-08,3404.15,41.45000000000027
2022-06-09,3427.1,22.949999999999818
2022-06-10,3359.9,-67.19999999999982
2022-06-14,3210.55,-9.049999999999727
2022-06-15,3206.3,-4.25
2022-06-16,3142.0,-64.30000000000018
2022-06-17,3088.9,-53.09999999999991
2022-06-21,3133.66,21.259999999999764
2022-06-22,3144.39,10.730000000000018
2022-06-23,3228.15,83.76000000000022
2022-06-24,3212.83,-15.320000000000164
2022-06-28,3237.27,3.3600000000001273
2022-06-29,3210.3,-26.9699999999998
2022-06-30,3187.47,-22.830000000000382
2022-07-01,3234.3,46.83000000000038
2022-07-05,3137.91,-18.289999999999964
2022-07-06,3181.27,43.36000000000013
2022-07-07,3207.71,26.440000000000055
2022-07-08,3185.86,-21.84999999999991
2022-07-12,3009.51,-28.389999999999873
2022-07-13,2964.68,-44.83000000000038
2022-07-14,2925.66,-39.01999999999998
2022-07-15,2921.61,-4.049999999999727
2022-07-19,2999.32,10.490000000000236
2022-07-20,3087.66,88.33999999999969
2022-07-21,3099.85,12.190000000000055
2022-07-22,3093.71,-6.139999999999873
2022-07-26,3039.95,-49.61000000000013
2022-07-27,3111.12,71.17000000000007
2022-07-28,3181.03,69.91000000000031
2022-07-29,3221.42,40.38999999999987
2022-08-02,3211.56,-6.829999999999927
2022-08-03,3258.1,46.539999999999964
2022-08-04,3273.18,15.079999999999927
2022-08-05,3283.03,9.850000000000364
2022-08-11,3339.08,66.59000000000015
2022-08-12,3318.64,-20.440000000000055
2022-08-17,3318.2,8.199999999999818
2022-08-18,3298.83,-19.36999999999989
2022-08-19,3303.22,4.389999999999873
2022-08-23,3204.54,-68.24000000000024
2022-08-24,3176.0,-28.539999999999964
2022-08-25,3139.76,-36.23999999999978
2022-08-26,3143.66,3.899999999999636
2022-08-30,3132.88,76.68000000000029
2022-09-02,3054.1,-1.2699999999999818
2022-09-06,3050.83,-6.190000000000055
2022-09-07,3072.83,22.0
2022-09-08,3092.39,19.559999999999945
2022-09-09,3139.22,46.82999999999993
2022-09-13,3150.64,-13.269999999999982
2022-09-14,3044.34,-106.29999999999973
2022-09-15,3028.68,-15.66000000000031
2022-09-16,2935.36,-93.31999999999971
2022-09-20,2966.19,11.210000000000036
2022-09-21,2928.05,-38.13999999999987
2022-09-22,2934.1,6.049999999999727
2022-09-23,2909.36,-24.73999999999978
2022-09-27,2943.9,22.490000000000236
2022-09-28,2961.66,17.759999999999764
2022-09-29,2924.24,-37.42000000000007
2022-09-30,2931.32,7.080000000000382
2022-10-04,3015.8,103.61000000000013
2022-10-07,2990.2,-36.14000000000033
2022-10-11,2994.73,-47.809999999999945
2022-10-12,3025.17,30.440000000000055
2022-10-13,3027.66,2.4899999999997817
2022-10-14,3023.61,-4.049999999999727
2022-10-18,3068.05,32.15000000000009
2022-10-19,3045.76,-22.289999999999964
2022-10-20,3080.34,34.57999999999993
2022-10-21,3060.93,-19.41000000000031
2022-10-25,3085.03,0.3900000000003274
2022-10-28,3086.15,5.710000000000036
2022-11-01,3180.25,64.92999999999984
2022-11-02,3162.69,-17.559999999999945
2022-11-03,3128.59,-34.09999999999991
2022-11-04,3138.98,10.389999999999873
2022-11-10,3127.51,-10.149999999999636
2022-11-11,3235.13,107.61999999999989
2022-11-15,3251.37,-2.8299999999999272
2022-11-16,3273.56,22.190000000000055
2022-11-17,3267.37,-6.190000000000055
2022-11-18,3261.96,-5.4099999999998545
2022-11-22,3234.15,30.68000000000029
2022-11-23,3227.66,-6.4900000000002365
2022-11-24,3297.76,70.10000000000036
2022-11-25,3307.03,9.269999999999982
2022-11-29,3314.54,2.050000000000182
2022-11-30,3308.15,-6.389999999999873
2022-12-01,3390.93,82.77999999999975
2022-12-02,3355.32,-35.60999999999967
2022-12-06,3302.83,-39.570000000000164
2022-12-07,3298.2,-4.630000000000109
2022-12-08,3268.88,-29.31999999999971
2022-12-09,3212.49,-56.39000000000033
2022-12-13,3250.88,44.539999999999964
2022-12-14,3283.32,32.440000000000055
2022-12-15,3224.54,-58.7800000000002
2022-12-16,3161.27,-63.26999999999998
2022-12-20,3164.88,40.88000000000011
2022-12-21,3188.88,24.0
2022-12-22,3180.25,-8.63000000000011
2022-12-23,3149.66,-30.590000000000146
2022-12-27,3180.05,6.440000000000055
2022-12-28,3177.71,-2.3400000000001455
2022-12-29,3189.08,11.36999999999989
2022-12-30,3177.32,-11.759999999999764
2023-01-03,3230.64,48.690000000000055
2023-01-04,3233.86,3.2200000000002547
2023-01-05,3230.39,-3.4700000000002547
2023-01-06,3133.27,-97.11999999999989
2023-01-10,3206.3,-32.73000000000002
2023-01-11,3247.56,41.25999999999976
2023-01-12,3253.08,5.519999999999982
2023-01-13,3292.3,39.220000000000255
2023-01-17,3362.82,44.15000000000009
2023-01-18,3374.36,11.539999999999964
2023-01-19,3357.54,-16.820000000000164
2023-01-20,3347.59,-9.949999999999818
2023-01-24,3420.45,21.299999999999727
2023-01-25,3413.93,-6.519999999999982
2023-01-31,3343.21,-74.59999999999991
2023-02-01,3392.63,49.42000000000007
2023-02-02,3444.44,51.809999999999945
2023-02-03,3466.24,21.799999999999727
2023-02-07,3456.53,12.540000000000418
2023-02-08,3503.86,47.32999999999993
2023-02-09,3524.52,20.659999999999854
2023-02-10,3521.24,-3.2800000000002
2023-02-14,3483.96,17.61999999999989
2023-02-15,3504.41,20.449999999999818
2023-02-16,3541.64,37.23000000000002
2023-02-17,3485.0,-56.63999999999987
2023-02-21,3435.08,-36.13999999999987
2023-02-22,3385.86,-49.2199999999998
2023-02-23,3398.06,12.199999999999818
2023-02-24,3384.77,-13.289999999999964
2023-02-28,3297.57,-18.909999999999854
2023-03-01,3370.08,72.50999999999976
2023-03-02,3306.13,-63.94999999999982
2023-03-03,3326.74,20.609999999999673
2023-03-09,3321.46,-53.30000000000018
2023-03-10,3315.64,-5.820000000000164
2023-03-14,3200.12,-66.69000000000005
2023-03-15,3184.15,-15.9699999999998
2023-03-16,3170.31,-13.840000000000146
2023-03-17,3164.64,-5.670000000000073
2023-03-21,3091.77,-37.0300000000002
2023-03-22,3116.36,24.590000000000146
2023-03-23,3110.24,-6.120000000000346
2023-03-24,3106.11,-4.129999999999654
2023-03-28,3101.53,-6.369999999999891
2023-03-29,3124.42,22.889999999999873
2023-04-06,3205.85,-19.01000000000022
2023-04-11,3198.98,-49.36999999999989
2023-04-12,3226.7,27.7199999999998
2023-04-13,3174.14,-52.559999999999945
2023-04-18,3116.31,-8.710000000000036
2023-04-19,3075.35,-40.960000000000036
2023-04-20,3090.48,15.13000000000011
2023-04-21,3146.27,55.789999999999964
2023-04-25,3161.35,1.1900000000000546
2023-04-26,3183.4,22.050000000000182
2023-04-27,3173.25,-10.150000000000091
2023-04-28,3204.4,31.15000000000009
2023-05-03,3165.23,-39.320000000000164
2023-05-04,3205.85,40.61999999999989
2023-05-05,3215.8,9.950000000000273
2023-05-09,3268.11,32.5
2023-05-10,3271.64,3.5299999999997453
2023-05-11,3267.01,-4.629999999999654
2023-05-12,3259.2,-7.8100000000004
2023-05-16,3243.12,3.0799999999999272
2023-05-17,3193.9,-49.2199999999998
2023-05-18,3185.09,-8.809999999999945
2023-05-19,3207.99,22.899999999999636
2023-05-23,3281.84,-1.6499999999996362
2023-05-24,3288.11,6.269999999999982
2023-05-25,3278.31,-9.800000000000182
2023-05-26,3313.55,35.24000000000024
2023-05-30,3300.91,-4.130000000000109
2023-05-31,3274.33,-26.579999999999927
2023-06-01,3308.67,34.340000000000146
2023-06-02,3290.35,-18.320000000000164
2023-06-06,3217.39,-56.340000000000146
2023-06-07,3259.8,42.41000000000031
2023-06-08,3221.52,-38.2800000000002
2023-06-09,3194.5,-27.019999999999982
2023-06-13,3228.74,-3.1900000000000546
2023-06-14,3236.06,7.320000000000164
2023-06-15,3201.47,-34.590000000000146
2023-06-16,3160.26,-41.20999999999958
2023-06-20,3212.81,17.2199999999998
2023-06-21,3243.17,30.360000000000127
2023-06-22,3223.56,-19.610000000000127
2023-06-23,3201.52,-22.039999999999964
2023-06-27,3182.6,7.6599999999998545
2023-06-28,3200.62,18.019999999999982
2023-07-04,3293.59,36.38000000000011
2023-07-05,3304.64,11.049999999999727
2023-07-06,3307.57,2.930000000000291
2023-07-07,3313.9,6.329999999999927
2023-07-11,3257.31,0.4499999999998181
2023-07-12,3244.86,-12.449999999999818
2023-07-13,3325.14,80.27999999999975
2023-07-14,3498.44,173.30000000000018
2023-07-18,3480.72,5.119999999999891
2023-07-19,3454.05,-26.669999999999618
2023-07-20,3447.33,-6.720000000000255
2023-07-21,3352.76,-94.56999999999971
2023-07-25,3383.47,4.379999999999654
2023-07-26,3372.67,-10.799999999999727
2023-07-27,3381.23,8.559999999999945
2023-07-28,3339.93,-41.30000000000018
2023-08-01,3436.13,30.460000000000036
2023-08-02,3424.78,-11.349999999999909
2023-08-03,3384.27,-40.51000000000022
2023-08-04,3427.67,43.40000000000009
2023-08-08,3454.59,-13.389999999999873
2023-08-09,3446.53,-8.059999999999945
2023-08-10,3426.23,-20.300000000000182
2023-08-11,3432.89,6.6599999999998545
2023-08-17,3419.9,-22.549999999999727
2023-08-18,3351.57,-68.32999999999993
2023-08-22,3366.55,-19.409999999999854
2023-08-23,3382.58,16.029999999999745
2023-08-24,3372.13,-10.449999999999818
2023-08-25,3365.71,-6.420000000000073
2023-08-29,3360.58,0.599999999999909
2023-08-30,3375.31,14.730000000000018
2023-08-31,3341.32,-33.98999999999978
2023-09-01,3363.61,22.289999999999964
2023-09-05,3413.53,10.800000000000182
2023-09-06,3414.08,0.5499999999997272
2023-09-07,3439.31,25.230000000000018
2023-09-08,3426.03,-13.279999999999745
2023-09-12,3564.28,99.68000000000029
2023-09-13,3551.4,-12.88000000000011
2023-09-14,3543.63,-7.769999999999982
2023-09-15,3581.71,38.07999999999993
2023-09-21,3568.76,-20.659999999999854
2023-09-22,3587.03,18.269999999999982
2023-09-26,3569.16,8.509999999999764
2023-09-27,3572.75,3.5900000000001455
2023-09-28,3520.44,-52.309999999999945
2023-09-29,3512.33,-8.110000000000127
2023-10-04,3521.43,23.789999999999964
2023-10-05,3572.8,51.370000000000346
2023-10-06,3604.7,31.899999999999636
2023-10-10,3612.16,-9.41000000000031
2023-10-11,3593.25,-18.909999999999854
2023-10-12,3526.21,-67.03999999999996
2023-10-13,3554.38,28.170000000000073
2023-10-17,3490.88,-16.920000000000073
2023-10-18,3471.17,-19.710000000000036
2023-10-19,3439.71,-31.460000000000036
2023-10-20,3478.43,38.7199999999998
2023-10-26,3321.36,-53.10999999999967
2023-10-27,3335.5,14.139999999999873
2023-10-31,3353.21,-9.759999999999764
2023-11-01,3315.29,-37.92000000000007
2023-11-02,3344.6,29.309999999999945
2023-11-03,3335.45,-9.150000000000091
2023-11-07,3354.91,-9.75
2023-11-08,3365.95,11.039999999999964
2023-11-09,3332.01,-33.9399999999996
2023-11-10,3318.08,-13.930000000000291
2023-11-13,3316.19,-42.710000000000036
2023-11-16,3481.72,93.11999999999989
2023-11-17,3486.3,4.580000000000382
2023-11-21,3494.01,-9.359999999999673
2023-11-22,3513.87,19.859999999999673
2023-11-23,3492.07,-21.799999999999727
2023-11-24,3441.16,-50.91000000000031
2023-11-29,3497.54,43.38999999999987
2023-11-30,3471.51,-26.029999999999745
2023-12-01,3495.45,23.9399999999996
2023-12-05,3515.31,19.059999999999945
2023-12-06,3587.48,72.17000000000007
2023-12-07,3598.23,10.75
2023-12-08,3609.97,11.739999999999782
2023-12-12,3655.16,29.059999999999945
2023-12-13,3576.98,-78.17999999999984
2023-12-14,3650.34,73.36000000000013
2023-12-15,3843.19,192.8499999999999
2023-12-19,3798.6,-42.80000000000018
2023-12-20,3762.62,-35.98000000000002
2023-12-21,3770.03,7.410000000000309
2023-12-22,3806.36,36.32999999999993
2023-12-27,3793.62,15.579999999999927
2023-12-28,3782.38,-11.239999999999782
2023-12-29,3775.91,-6.470000000000255
2024-01-02,3765.75,-27.769999999999982
2024-01-03,3674.72,-91.0300000000002
2024-01-04,3649.89,-24.829999999999927
2024-01-05,3720.66,70.76999999999998
2024-01-09,3672.88,11.539999999999964
2024-01-10,3695.93,23.049999999999727
2024-01-11,3718.32,22.390000000000327
2024-01-12,3864.89,146.5699999999997
2024-01-16,3843.49,-42.3100000000004
2024-01-17,3866.68,23.190000000000055
2024-01-18,3884.6,17.920000000000073
2024-01-19,3943.05,58.45000000000027
2024-01-20,3860.65,-82.40000000000009
2024-01-24,3841.8,-16.449999999999818
2024-01-25,3810.3,-31.5
2024-01-30,3800.55,-0.4499999999998181
2024-01-31,3815.95,15.399999999999636
2024-02-01,3854.15,38.20000000000027
2024-02-02,3966.3,112.15000000000009
2024-02-06,4136.0,162.69999999999982
2024-02-07,4083.4,-52.59999999999991
2024-02-08,4134.1,50.70000000000027
2024-02-09,4133.7,-0.4000000000005457
2024-02-13,4149.5,28.800000000000182
2024-02-14,4100.1,-49.399999999999636
2024-02-15,4103.2,3.0999999999994543
2024-02-16,4128.3,25.100000000000364
2024-02-20,4030.65,-73.15000000000009
2024-02-21,3991.5,-39.15000000000009
2024-02-22,4087.1,95.59999999999991
2024-02-23,4052.1,-35.0
2024-02-27,4104.4,103.34999999999945
2024-02-28,4118.95,14.550000000000182
2024-02-29,4095.1,-23.84999999999991
2024-03-01,4094.35,-0.75
2024-03-02,4107.1,12.750000000000455
2024-03-05,4012.1,-68.59999999999991
2024-03-06,4064.3,52.20000000000027
2024-03-07,4108.6,44.30000000000018
2024-03-12,4192.25,69.89999999999964
2024-03-13,4149.0,-43.25
2024-03-14,4207.6,58.600000000000364
2024-03-15,4219.25,11.649999999999636
2024-03-19,3977.3,-175.19999999999982
2024-03-20,3970.9,-6.400000000000091
2024-03-21,3972.95,2.049999999999727
2024-03-22,3910.9,-62.04999999999973
2024-03-27,3840.9,-36.59999999999991
2024-03-28,3876.3,35.40000000000009
2024-04-02,3883.8,-32.94999999999982
2024-04-03,3947.3,63.5
2024-04-04,4003.3,56.0
2024-04-05,3979.25,-24.050000000000182
2024-04-09,3946.55,-26.0
2024-04-10,3984.65,38.09999999999991
2024-04-16,3872.8,-68.39999999999964
2024-04-19,3826.2,-35.80000000000018
2024-04-23,3874.7,10.099999999999909
2024-04-24,3831.05,-43.649999999999636
2024-04-25,3852.2,21.149999999999636
2024-04-26,3821.35,-30.84999999999991
2024-04-30,3820.65,-49.54999999999973
2024-05-03,3843.4,-19.90000000000009
2024-05-07,3978.95,57.899999999999636
2024-05-08,3976.95,-2.0
2024-05-09,3960.2,-16.75
2024-05-10,3893.9,-66.29999999999973
2024-05-14,3901.2,-46.600000000000364
2024-05-15,3880.4,-20.799999999999727
2024-05-16,3900.95,20.549999999999727
2024-05-17,3834.1,-66.84999999999991
2024-05-18,3851.45,17.34999999999991
2024-05-22,3832.0,11.800000000000182
2024-05-23,3893.45,61.44999999999982
2024-05-24,3849.5,-43.94999999999982
2024-05-28,3839.9,-7.150000000000091
2024-05-29,3803.65,-36.25
2024-05-30,3736.1,-67.55000000000018
2024-05-31,3670.95,-65.15000000000009
2024-06-04,3715.0,12.150000000000091
2024-06-05,3746.45,31.449999999999818
2024-06-06,3830.4,83.95000000000027
2024-06-07,3893.95,63.54999999999973
2024-06-11,3852.1,-6.599999999999909
2024-06-12,3831.65,-20.449999999999818
2024-06-13,3878.15,46.5
2024-06-14,3832.05,-46.09999999999991
2024-06-19,3801.7,-13.400000000000091
2024-06-20,3787.25,-14.449999999999818
2024-06-21,3810.75,23.5
2024-06-25,3838.45,21.649999999999636
2024-06-26,3855.85,17.40000000000009
2024-06-27,3934.15,78.30000000000018
2024-06-28,3904.15,-30.0
2024-07-02,4017.4,39.20000000000027
2024-07-03,3965.25,-52.15000000000009
2024-07-04,4020.95,55.69999999999982
2024-07-05,4011.8,-9.149999999999636
2024-07-09,3985.5,-7.699999999999818
2024-07-10,3909.15,-76.34999999999991
2024-07-11,3923.7,14.549999999999727
2024-07-12,4183.95,260.25
2024-07-16,4178.45,9.25
2024-07-19,4302.4,-13.150000000000546
2024-07-23,4302.35,15.0
2024-07-24,4306.25,3.899999999999636
2024-07-25,4322.5,16.25
2024-07-26,4387.85,65.35000000000036
2024-07-30,4365.35,-15.75
2024-07-31,4385.35,20.0
2024-08-01,4397.1,11.75
2024-08-02,4283.05,-114.05000000000018
2024-08-06,4171.2,16.149999999999636
2024-08-07,4200.45,29.25
2024-08-08,4172.55,-27.899999999999636
2024-08-09,4228.75,56.19999999999982
2024-08-13,4196.95,1.300000000000182
2024-08-14,4295.25,98.30000000000018
2024-08-20,4523.3,33.30000000000018
2024-08-21,4551.5,28.199999999999818
2024-08-22,4502.0,-49.5
2024-08-23,4463.9,-38.100000000000364
2024-08-27,4497.15,-5.300000000000182
2024-08-28,4506.05,8.900000000000546
2024-08-29,4511.8,5.75
2024-08-30,4553.75,41.94999999999982
2024-09-03,4512.35,-8.699999999999818
2024-09-04,4479.25,-33.100000000000364
2024-09-05,4475.95,-3.300000000000182
2024-09-06,4456.75,-19.199999999999818
2024-09-10,4507.85,58.30000000000018
2024-09-11,4479.35,-28.5
2024-09-12,4517.7,38.349999999999454
2024-09-13,4522.6,4.900000000000546
2024-09-17,4505.65,-7.600000000000364
2024-09-18,4346.15,-159.5
2024-09-19,4296.15,-50.0
2024-09-20,4284.9,-11.25
2024-09-24,4271.3,2.800000000000182
2024-09-25,4274.75,3.449999999999818
2024-09-26,4292.5,17.75
2024-09-27,4308.7,16.199999999999818
2024-10-01,4287.9,19.399999999999636
2024-10-04,4252.25,19.5
2024-10-08,4253.25,-19.600000000000364
2024-10-09,4252.95,-0.3000000000001819
2024-10-10,4227.4,-25.550000000000182
2024-10-11,4149.2,-78.19999999999982
2024-10-15,4116.8,-19.849999999999454
2024-10-16,4094.95,-21.850000000000364
2024-10-17,4109.0,14.050000000000182
2024-10-18,4123.05,14.050000000000182
2024-10-22,4015.5,-64.34999999999991
2024-10-23,4066.25,50.75
2024-10-24,4047.9,-18.34999999999991
2024-10-25,4057.55,9.650000000000091
2024-10-29,4075.25,-15.599999999999909
2024-10-30,4084.65,9.400000000000091
2024-10-31,3968.45,-116.20000000000027
2024-11-01,3984.2,15.75
2024-11-05,3971.35,7.199999999999818
2024-11-06,4139.65,168.29999999999973
2024-11-07,4150.9,11.25
2024-11-08,4147.0,-3.899999999999636
2024-11-12,4197.4,-1.300000000000182
2024-11-13,4150.35,-47.04999999999927
2024-11-14,4145.9,-4.450000000000728
2024-11-19,4039.55,20.050000000000182
2024-11-22,4244.6,171.75000000000045
2024-11-26,4352.7,37.599999999999454
2024-11-27,4332.55,-20.149999999999636
2024-11-28,4244.9,-87.65000000000055
2024-11-29,4270.85,25.950000000000728
2024-12-03,4302.75,26.100000000000364
2024-12-04,4354.4,51.649999999999636
2024-12-05,4464.05,109.65000000000055
2024-12-06,4445.5,-18.550000000000182
2024-12-10,4432.55,-19.599999999999454
2024-12-11,4427.45,-5.100000000000364
2024-12-12,4454.95,27.5
2024-12-13,4473.9,18.949999999999818
2024-12-17,4328.5,-86.69999999999982
2024-12-18,4347.85,19.350000000000364
2024-12-19,4271.9,-75.95000000000073
2024-12-20,4170.3,-101.59999999999945
2024-12-24,4179.5,21.199999999999818
2024-12-27,4164.85,-4.25
2024-12-31,4094.8,-64.0
2025-01-01,4112.45,17.649999999999636
2025-01-02,4175.75,63.30000000000018
2025-01-03,4099.9,-75.85000000000036
2025-01-07,4028.3,-66.69999999999982
2025-01-08,4108.4,80.09999999999945
2025-01-09,4038.85,-69.54999999999973
2025-01-10,4198.72,159.87000000000035
2025-01-14,4166.63,-57.14000000000033
2025-01-15,4182.92,16.289999999999964
2025-01-16,4140.3,-42.61999999999989
2025-01-17,4124.3,-16.0
2025-01-21,4035.85,-41.95000000000027
2025-01-22,4156.6,120.75000000000045
2025-01-23,4145.45,-11.150000000000546
2025-01-24,4152.35,6.900000000000546
2025-01-28,4040.3,-24.84999999999991
2025-01-29,4099.8,59.5
2025-01-30,4100.05,0.25
2025-01-31,4112.4,12.349999999999454
2025-02-01,4073.15,-39.249999999999545
2025-02-04,4107.05,38.40000000000009
2025-02-05,4091.1,-15.950000000000273
2025-02-06,4082.75,-8.349999999999909
2025-02-07,4029.4,-53.34999999999991
2025-02-11,3963.55,-73.39999999999964
2025-02-12,3950.15,-13.400000000000091
2025-02-13,3910.15,-40.0
2025-02-14,3934.85,24.699999999999818
2025-02-18,3873.2,-31.300000000000182
2025-02-19,3784.1,-89.09999999999991
2025-02-20,3779.4,-4.699999999999818
2025-02-21,3786.0,6.599999999999909
2025-02-25,3629.55,-46.04999999999973
2025-02-28,3483.25,-129.30000000000018
2025-03-04,3532.05,39.0
2025-03-05,3547.05,15.0
2025-03-06,3601.6,54.54999999999973
2025-03-07,3611.2,9.599999999999909
2025-03-11,3575.3,-14.349999999999909
2025-03-12,3506.2,-69.10000000000036
2025-03-13,3511.05,4.850000000000364
2025-03-18,3552.45,54.75
2025-03-19,3497.1,-55.34999999999991
2025-03-20,3563.15,66.05000000000018
2025-03-21,3578.1,14.949999999999818
2025-03-25,3657.75,28.800000000000182
2025-03-26,3635.8,-21.949999999999818
2025-03-27,3651.2,15.399999999999636
2025-03-28,3606.15,-45.04999999999973
2025-04-02,3543.95,-6.850000000000364
2025-04-03,3403.15,-140.79999999999973
2025-04-04,3299.4,-103.75
2025-04-08,3292.95,18.899999999999636
2025-04-09,3246.6,-46.34999999999991
2025-04-16,3273.8,25.600000000000364
2025-04-17,3298.9,25.09999999999991
2025-04-22,3314.4,-7.199999999999818
2025-04-23,3413.0,98.59999999999991
2025-04-24,3401.6,-11.400000000000091
2025-04-25,3448.0,46.40000000000009
2025-04-29,3472.5,29.0
2025-04-30,3453.7,-18.800000000000182
2025-05-06,3460.0,5.699999999999818
2025-05-07,3445.1,-14.900000000000091
2025-05-08,3448.9,3.800000000000182
2025-05-09,3440.3,-8.599999999999909
2025-05-13,3515.0,-105.40000000000009
2025-05-14,3548.7,33.69999999999982
2025-05-15,3579.9,31.200000000000273
2025-05-16,3561.3,-18.59999999999991
2025-05-20,3498.3,-20.5
2025-05-21,3525.8,27.5
2025-05-22,3477.0,-48.80000000000018
2025-05-23,3514.6,37.59999999999991
2025-05-27,3498.7,-38.600000000000364
2025-05-28,3497.7,-1.0
2025-05-29,3498.1,0.40000000000009095
2025-05-30,3463.4,-34.69999999999982
2025-06-03,3405.2,-44.600000000000364
2025-06-04,3380.9,-24.299999999999727
2025-06-05,3371.1,-9.800000000000182
2025-06-06,3384.2,13.099999999999909
2025-06-10,3462.9,41.0
2025-06-11,3471.9,9.0
2025-06-12,3434.2,-37.70000000000027
2025-06-13,3445.7,11.5
2025-06-17,3515.3,19.0
2025-06-18,3451.4,-63.90000000000009
2025-06-19,3424.0,-27.40000000000009
2025-06-20,3435.7,11.699999999999818
2025-06-24,3390.4,-3.199999999999818
2025-06-25,3444.8,54.40000000000009
2025-06-26,3441.8,-3.0
2025-06-27,3441.1,-0.7000000000002728
